Workbook

Sheet partidos regular
A1: partidos jugados | B1: 107
A2: Temporada
A3: Regular
A6: AE | B6: 2019-1
A7: SJ
A8: LP
A9: NG
A10: ES | B10: 2
A11: JL
A12: NP
A13: GA
A14: EJ | B14: 3
A15: LN
A16: GS
A17: GE | B17: 4
A18: JN
A19: LA
A20: JG | B20: 5
A21: NA
A22: LS
A23: EL | B23: 6
A24: GP
A25: AJ
A26: SN
A27: NE | B27: 7
A28: AS
A29: GL
A30: EA | B30: 8
A31: LP
A32: SJ
A33: GN
A34: ES | B34: 9
A35: LJ
A36: GA
A37: EJ | B37: 10
A38: LN
A39: AP
A40: GS
A41: EG | B41: 11
A42: NJ
A43: LA
A44: EP | B44: 12
A45: JG
A46: AN
A47: SL
A48: EL | B48: 13
A49: AJ
A50: NS
A51: EN | B51: 14
A52: JP
A53: SA
A54: LG
A55: EA | B55: 2020-1
A56: JS
A57: LC
A58: GN
A59: ES | B59: 2
A60: LJ
A61: NC
A62: GA
A63: EJ | B63: 3
A64: NL
A65: GS
A66: AC
A67: EG | B67: 4
A68: JN
A69: AL
A70: SC
A71: EC | B71: 5
A72: GJ
A73: NA
A74: LS
A75: LE | B75: 6
A76: AJ
A77: CG
A78: NS
A79: EN | B79: 7
A80: CJ
A81: SA
A82: GL
A83: AE | B83: 8
A84: JS
A85: CL
A86: GN
A87: SE | B87: 9
A88: JL
A89: NC
A90: GA
A91: JE | B91: 10
A92: LN
A93: GS
A94: AC
A95: EG | B95: 11
A96: JN
A97: LA
A98: SC
A99: CE | B99: 12
A100: GJ
A101: NA
A102: SL
...

Sheet playoffs
A1: P | B1: 1-2 | C1: 3-4 | D1: 7-8 | E1: F
A5: LG | B5: E | C5: G | D5: S | E5: LP | H5: P= semis de playoffs | J5: despues posiciones temporada regular
B6: L | D6: J | E6: GJ | J6: final en la F
A7: GN | B7: G | C7: J | D7: S | E7: SL
A8: JE | B8: E | C8: N | D8: C | E8: EK | H8: 2025 | I8: : ultimo bloque
A9: LJ | B9: J | C9: S | D9: N | E9: JN
A10: SE | B10: E | C10: L | D10: G | E10: LJ
A11: EJ | B11: J | C11: N | D11: G | E11: JG
A12: KN | B12: K | C12: E | D12: L
A13: NC | B13: N | C13: J | D13: G
A14: JS | B14: S | C14: C | D14: E
A15: JG | B15: J | C15: S | D15: E
A16: LS | B16: L | C16: G | D16: K
A17: GS | B17: G | C17: L | D17: E
A18: JL | B18: J | C18: S | D18: K

Sheet stats
A1: Emily
A2: Victorias | B2: =COUNTIF('partidos regular'!A:A,"E*") -> 56
A3: Win Rate | B3: =(B2/'partidos regular'!$B$1)*100 -> 52.336449
A4: Puntos totales | B4: =SUM(B6:B13) -> 13899.02
A5: Point rate | B5: =B4/'partidos regular'!$B$1 -> 129.89738
A6: Puntos 2019 | B6: 1704.78
A7: Puntos 2020 | B7: 1814.88
A8: Puntos 2021 | B8: 1970.04
A9: Puntos 2022 | B9: 2047.52
A10: Puntos 2023 | B10: 1873.52
A11: Puntos 2024 | B11: 1812.42
A12: Puntos 2025 | B12: 1744.1
A13: Puntos 2026 | B13: 931.76
A14: Juany
A15: Victorias | B15: =COUNTIF('partidos regular'!A:A,"J*") -> 64
A16: Win Rate | B16: =(B15/'partidos regular'!$B$1)*100 -> 59.813084
A17: Puntos totales | B17: =SUM(B19:B26) -> 14836.82
A18: Point rate | B18: =B17/'partidos regular'!$B$1 -> 138.66187
A19: Puntos 2019 | B19: 1501.6
A20: Puntos 2020 | B20: 1769.2
A21: Puntos 2021 | B21: 2237
A22: Puntos 2022 | B22: 2036.44
A23: Puntos 2023 | B23: 2083.06
A24: Puntos 2024 | B24: 2223.02
A25: Puntos 2025 | B25: 2216.42
A26: Puntos 2026 | B26: 770.08
A27: Latuf
A28: Victorias | B28: =COUNTIF('partidos regular'!A:A,"L*") -> 52
A29: Win Rate | B29: =(B28/'partidos regular'!$B$1)*100 -> 48.598131
A30: Puntos totales | B30: =SUM(B32:B39) -> 13844.92
A31: Point rate | B31: =B30/'partidos regular'!$B$1 -> 129.39178
A32: Puntos 2019 | B32: 1757.1
A33: Puntos 2020 | B33: 1815.4
A34: Puntos 2021 | B34: 1899.86
A35: Puntos 2022 | B35: 1750.04
A36: Puntos 2023 | B36: 1860.94
A37: Puntos 2024 | B37: 2079.48
A38: Puntos 2025 | B38: 2032.1
A39: Puntos 2026 | B39: 650
A40: Chevito
A41: Victorias | B41: =COUNTIF('partidos regular'!A:A,"C*") -> 46
A42: Win Rate | B42: =(B41/('partidos regular'!$B$1-14))*100 -> 49.462366
A43: Puntos totales | B43: =SUM(B45:B52) -> 12079.4
A44: Point rate | B44: =B43/('partidos regular'!$B$1-14) -> 129.88602
A45: Puntos 2019 | B45: 0
A46: Puntos 2020 | B46: 1662.36
A47: Puntos 2021 | B47: 1787.3
A48: Puntos 2022 | B48: 2000.46
A49: Puntos 2023 | B49: 1903.28
A50: Puntos 2024 | B50: 2131.78
A51: Puntos 2025 | B51: 1754.88
A52: Puntos 2026 | B52: 839.34
A53: Gaspe
A54: Victorias | B54: =COUNTIF('partidos regular'!A:A,"G*") -> 55
A55: Win Rate | B55: =(B54/'partidos regular'!$B$1)*100 -> 51.401869
A56: Puntos totales | B56: =SUM(B58:B65) -> 14270.84
A57: Point rate | B57: =B56/'partidos regular'!$B$1 -> 133.37234
A58: Puntos 2019 | B58: 1535.92
A59: Puntos 2020 | B59: 2053.06
A60: Puntos 2021 | B60: 1728.92
A61: Puntos 2022 | B61: 1896.22
A62: Puntos 2023 | B62: 1954.92
A63: Puntos 2024 | B63: 1977.7
A64: Puntos 2025 | B64: 2210.3
A65: Puntos 2026 | B65: 913.8
A66: Scrava
A67: Victorias | B67: =COUNTIF('partidos regular'!A:A,"S*") -> 53
A68: Win Rate | B68: =(B67/'partidos regular'!$B$1)*100 -> 49.53271
A69: Puntos totales | B69: =SUM(B71:B78) -> 14275.56
A70: Point rate | B70: =B69/'partidos regular'!$B$1 -> 133.41645
A71: Puntos 2019 | B71: 1499.98
A72: Puntos 2020 | B72: 1784.3
A73: Puntos 2021 | B73: 1937.3
A74: Puntos 2022 | B74: 2087.1
A75: Puntos 2023 | B75: 2164.12
A76: Puntos 2024 | B76: 2024
A77: Puntos 2025 | B77: 1969.08
A78: Puntos 2026 | B78: 809.68
A79: Landa
A80: Victorias | B80: =COUNTIF('partidos regular'!A:A,"N*") -> 51
A81: Win Rate | B81: =(B80/'partidos regular'!$B$1)*100 -> 47.663551
A82: Puntos totales | B82: =SUM(B84:B91) -> 14290.86
A83: Point rate | B83: =B82/'partidos regular'!$B$1 -> 133.55944
A84: Puntos 2019 | B84: 1623.6
A85: Puntos 2020 | B85: 1888.78
A86: Puntos 2021 | B86: 1828.58
A87: Puntos 2022 | B87: 2079.98
A88: Puntos 2023 | B88: 2116.6
A89: Puntos 2024 | B89: 1995.82
A90: Puntos 2025 | B90: 1962.18
A91: Puntos 2026 | B91: 795.32
A92: Naki
A93: Victorias | B93: =COUNTIF('partidos regular'!A:A,"K*") -> 34
A94: Win Rate | B94: =(B93/('partidos regular'!$B$1-43))*100 -> 53.125
A95: Puntos totales | B95: =SUM(B97:B104) -> 7685.06
A96: Point rate | B96: =B95/('partidos regular'!$B$1-43) -> 120.07906
A97: Puntos 2019 | B97: 0
A98: Puntos 2020 | B98: 0
A99: Puntos 2021 | B99: 0
A100: Puntos 2022 | B100: 2024
...

Sheet Ranking
A2: Naki | B2: =(stats!$B$93*10+COUNTIF(playoffs!E:E,"*K*")*10+COUNTIF(playoffs!B:B,"K")*25+COUNTIF(playoffs!C:C,"K")*20+COUNTIF(playoffs!E:E,"K*")*30+(stats!$B$95/250)-COUNTIF(playoffs!D:D,"K")*15)/('partidos regular'!$B$1-43) -> 5.8709412
A3: Emily | B3: =(stats!$B$2*10+COUNTIF(playoffs!E:E,"*E*")*10+COUNTIF(playoffs!B:B,"E")*25+COUNTIF(playoffs!C:C,"E")*20+COUNTIF(playoffs!E:E,"E*")*30+(stats!$B$4/250)-COUNTIF(playoffs!D:D,"E")*15)/('partidos regular'!$B$1) -> 6.5943559
A4: Juany | B4: =(stats!$B$15*10+COUNTIF(playoffs!E:E,"*J*")*10+COUNTIF(playoffs!B:B,"J")*25+COUNTIF(playoffs!C:C,"J")*20+COUNTIF(playoffs!E:E,"J*")*30+(stats!B17/250)-COUNTIF(playoffs!D:D,"J")*15)/('partidos regular'!$B$1) -> 8.6387596
A5: Latuf | B5: =(stats!$B$28*10+COUNTIF(playoffs!E:E,"*L*")*10+COUNTIF(playoffs!B:B,"L")*25+COUNTIF(playoffs!C:C,"L")*20+COUNTIF(playoffs!E:E,"L*")*30+(stats!$B$30/250)-COUNTIF(playoffs!D:D,"L")*15)/('partidos regular'!$B$1) -> 6.9194363
A6: Scrava | B6: =(stats!$B$67*10+COUNTIF(playoffs!E:E,"*S*")*10+COUNTIF(playoffs!B:B,"S")*25+COUNTIF(playoffs!C:C,"S")*20+COUNTIF(playoffs!E:E,"S*")*30+(stats!B69/250)-COUNTIF(playoffs!D:D,"S")*15)/('partidos regular'!$B$1) -> 6.3747873
A7: Nehue | B7: =(stats!$B$80*10+COUNTIF(playoffs!E:E,"*N*")*10+COUNTIF(playoffs!B:B,"N")*25+COUNTIF(playoffs!C:C,"N")*20+COUNTIF(playoffs!E:E,"N*")*30+(stats!B82/250)-COUNTIF(playoffs!D:D,"N")*15)/('partidos regular'!$B$1) -> 5.8613406
A8: Gaspe | B8: =(stats!$B$54*10+COUNTIF(playoffs!E:E,"*G*")*10+COUNTIF(playoffs!B:B,"G")*25+COUNTIF(playoffs!C:C,"G")*20+COUNTIF(playoffs!E:E,"G*")*30+(stats!B56/250)-COUNTIF(playoffs!D:D,"G")*15)/('partidos regular'!$B$1) -> 6.5615267
A9: Chevito | B9: =(stats!$B$41*10+COUNTIF(playoffs!E:E,"*C*")*10+COUNTIF(playoffs!B:B,"C")*25+COUNTIF(playoffs!C:C,"C")*20+COUNTIF(playoffs!E:E,"C*")*30+(stats!B43/250)-COUNTIF(playoffs!D:D,"C")*15)/(('partidos regular'!$B$1)-14) -> 5.5195441

Sheet paternidades
A1: Emily
A2: e-g | B2: =COUNTIF('partidos regular'!A:A,"EG")+COUNTIF(playoffs!A:A,"EG")+COUNTIF(playoffs!E:E,"EG")&"-"&COUNTIF('partidos regular'!A:A,"GE")+COUNTIF(playoffs!A:A,"GE")+COUNTIF(playoffs!E:E,"GE")&" ("&COUNTIF(playoffs!A:A,"EG")+COUNTIF(playoffs!E:E,"EG")&"-"&COUNTIF(playoffs!A:A,"GE")+COUNTIF(playoffs!E:E,"GE")&")" -> 9-6 (0-0)
A3: e-s | B3: =COUNTIF('partidos regular'!A:A,"ES")+COUNTIF(playoffs!A:A,"ES")+COUNTIF(playoffs!E:E,"ES")&"-"&COUNTIF('partidos regular'!A:A,"SE")+COUNTIF(playoffs!A:A,"SE")+COUNTIF(playoffs!E:E,"SE")&" ("&COUNTIF(playoffs!A:A,"ES")+COUNTIF(playoffs!E:E,"ES")&"-"&COUNTIF(playoffs!A:A,"SE")+COUNTIF(playoffs!E:E,"SE")&")" -> 6-9 (0-1)
A4: e-n | B4: =COUNTIF('partidos regular'!A:A,"EN")+COUNTIF(playoffs!A:A,"EN")+COUNTIF(playoffs!E:E,"EN")&"-"&COUNTIF('partidos regular'!A:A,"NE")+COUNTIF(playoffs!A:A,"NE")+COUNTIF(playoffs!E:E,"GE")&" ("&COUNTIF(playoffs!A:A,"EN")+COUNTIF(playoffs!E:E,"EN")&"-"&COUNTIF(playoffs!A:A,"NE")+COUNTIF(playoffs!E:E,"NE")&")" -> 9-6 (0-0)
A5: e-l | B5: =COUNTIF('partidos regular'!A:A,"EL")+COUNTIF(playoffs!A:A,"EL")+COUNTIF(playoffs!E:E,"EL")&"-"&COUNTIF('partidos regular'!A:A,"LE")+COUNTIF(playoffs!A:A,"LE")+COUNTIF(playoffs!E:E,"LE")&" ("&COUNTIF(playoffs!A:A,"EL")+COUNTIF(playoffs!E:E,"EL")&"-"&COUNTIF(playoffs!A:A,"LE")+COUNTIF(playoffs!E:E,"LE")&")" -> 9-6 (0-0)
A6: e-c | B6: =COUNTIF('partidos regular'!A:A,"EC")+COUNTIF(playoffs!A:A,"EC")+COUNTIF(playoffs!E:E,"EC")&"-"&COUNTIF('partidos regular'!A:A,"CE")+COUNTIF(playoffs!A:A,"CE")+COUNTIF(playoffs!E:E,"CE")&" ("&COUNTIF(playoffs!A:A,"EC")+COUNTIF(playoffs!E:E,"EC")&"-"&COUNTIF(playoffs!A:A,"CE")+COUNTIF(playoffs!E:E,"CE")&")" -> 5-9 (0-0)
A7: e-k | B7: =COUNTIF('partidos regular'!A:A,"EK")+COUNTIF(playoffs!A:A,"EK")+COUNTIF(playoffs!E:E,"EK")&"-"&COUNTIF('partidos regular'!A:A,"KE")+COUNTIF(playoffs!A:A,"KE")+COUNTIF(playoffs!E:E,"KE")&" ("&COUNTIF(playoffs!A:A,"EK")+COUNTIF(playoffs!E:E,"EK")&"-"&COUNTIF(playoffs!A:A,"KE")+COUNTIF(playoffs!E:E,"KE")&")" -> 5-8 (1-0)
A8: e-j | B8: =COUNTIF('partidos regular'!A:A,"EJ")+COUNTIF(playoffs!A:A,"EJ")+COUNTIF(playoffs!E:E,"EJ")&"-"&COUNTIF('partidos regular'!A:A,"JE")+COUNTIF(playoffs!A:A,"JE")+COUNTIF(playoffs!E:E,"JE")&" ("&COUNTIF(playoffs!A:A,"EJ")+COUNTIF(playoffs!E:E,"EJ")&"-"&COUNTIF(playoffs!A:A,"JE")+COUNTIF(playoffs!E:E,"JE")&")" -> 9-8 (1-1)
A9: Relleno
A10: Relleno
A11: Gaspe
A12: g-e | B12: =COUNTIF('partidos regular'!A:A,"GE")+COUNTIF(playoffs!A:A,"GE")+COUNTIF(playoffs!E:E,"GE")&"-"&COUNTIF('partidos regular'!A:A,"EG")+COUNTIF(playoffs!A:A,"EG")+COUNTIF(playoffs!E:E,"EG")&" ("&COUNTIF(playoffs!A:A,"GE")+COUNTIF(playoffs!E:E,"GE")&"-"&COUNTIF(playoffs!A:A,"EG")+COUNTIF(playoffs!E:E,"EG")&")" -> 6-9 (0-0)
A13: g-s | B13: =COUNTIF('partidos regular'!A:A,"GS")+COUNTIF(playoffs!A:A,"GS")+COUNTIF(playoffs!E:E,"GS")&"-"&COUNTIF('partidos regular'!A:A,"SG")+COUNTIF(playoffs!A:A,"SG")+COUNTIF(playoffs!E:E,"SG")&" ("&COUNTIF(playoffs!A:A,"GS")+COUNTIF(playoffs!E:E,"GS")&"-"&COUNTIF(playoffs!A:A,"SG")+COUNTIF(playoffs!E:E,"SG")&")" -> 10-6 (1-0)
A14: g-n | B14: =COUNTIF('partidos regular'!A:A,"GN")+COUNTIF(playoffs!A:A,"GN")+COUNTIF(playoffs!E:E,"GN")&"-"&COUNTIF('partidos regular'!A:A,"NG")+COUNTIF(playoffs!A:A,"NG")+COUNTIF(playoffs!E:E,"NG")&" ("&COUNTIF(playoffs!A:A,"GN")+COUNTIF(playoffs!E:E,"GN")&"-"&COUNTIF(playoffs!A:A,"NG")+COUNTIF(playoffs!E:E,"NG")&")" -> 10-11 (1-0)
A15: g-l | B15: =COUNTIF('partidos regular'!A:A,"GL")+COUNTIF(playoffs!A:A,"GL")+COUNTIF(playoffs!E:E,"GL")&"-"&COUNTIF('partidos regular'!A:A,"LG")+COUNTIF(playoffs!A:A,"LG")+COUNTIF(playoffs!E:E,"LG")&" ("&COUNTIF(playoffs!A:A,"GL")+COUNTIF(playoffs!E:E,"GL")&"-"&COUNTIF(playoffs!A:A,"LG")+COUNTIF(playoffs!E:E,"LG")&")" -> 10-6 (0-1)
A16: g-c | B16: =COUNTIF('partidos regular'!A:A,"GC")+COUNTIF(playoffs!A:A,"GC")+COUNTIF(playoffs!E:E,"GC")&"-"&COUNTIF('partidos regular'!A:A,"CG")+COUNTIF(playoffs!A:A,"CG")+COUNTIF(playoffs!E:E,"CG")&" ("&COUNTIF(playoffs!A:A,"GC")+COUNTIF(playoffs!E:E,"GC")&"-"&COUNTIF(playoffs!A:A,"CG")+COUNTIF(playoffs!E:E,"CG")&")" -> 5-7 (0-0)
A17: g-k | B17: =COUNTIF('partidos regular'!A:A,"GK")+COUNTIF(playoffs!A:A,"GK")+COUNTIF(playoffs!E:E,"GK")&"-"&COUNTIF('partidos regular'!A:A,"KG")+COUNTIF(playoffs!A:A,"KG")+COUNTIF(playoffs!E:E,"KG")&" ("&COUNTIF(playoffs!A:A,"GK")+COUNTIF(playoffs!E:E,"GK")&"-"&COUNTIF(playoffs!A:A,"KG")+COUNTIF(playoffs!E:E,"KG")&")" -> 7-2 (0-0)
A18: g-j | B18: =COUNTIF('partidos regular'!A:A,"GJ")+COUNTIF(playoffs!A:A,"GJ")+COUNTIF(playoffs!E:E,"GJ")&"-"&COUNTIF('partidos regular'!A:A,"JG")+COUNTIF(playoffs!A:A,"JG")+COUNTIF(playoffs!E:E,"JG")&" ("&COUNTIF(playoffs!A:A,"GJ")+COUNTIF(playoffs!E:E,"GJ")&"-"&COUNTIF(playoffs!A:A,"JG")+COUNTIF(playoffs!E:E,"JG")&")" -> 5-13 (1-2)
A19: Relleno
A20: Relleno
A21: Scrava
A22: s-e | B22: =COUNTIF('partidos regular'!A:A,"SE")+COUNTIF(playoffs!A:A,"SE")+COUNTIF(playoffs!E:E,"SE")&"-"&COUNTIF('partidos regular'!A:A,"ES")+COUNTIF(playoffs!A:A,"ES")+COUNTIF(playoffs!E:E,"ES")&" ("&COUNTIF(playoffs!A:A,"SE")+COUNTIF(playoffs!E:E,"SE")&"-"&COUNTIF(playoffs!A:A,"ES")+COUNTIF(playoffs!E:E,"ES")&")" -> 9-6 (1-0)
A23: s-g | B23: =COUNTIF('partidos regular'!A:A,"SG")+COUNTIF(playoffs!A:A,"SG")+COUNTIF(playoffs!E:E,"SG")&"-"&COUNTIF('partidos regular'!A:A,"GS")+COUNTIF(playoffs!A:A,"GS")+COUNTIF(playoffs!E:E,"GS")&" ("&COUNTIF(playoffs!A:A,"SG")+COUNTIF(playoffs!E:E,"SG")&"-"&COUNTIF(playoffs!A:A,"GS")+COUNTIF(playoffs!E:E,"GS")&")" -> 6-10 (0-1)
A24: s-n | B24: =COUNTIF('partidos regular'!A:A,"SN")+COUNTIF(playoffs!A:A,"SN")+COUNTIF(playoffs!E:E,"SN")&"-"&COUNTIF('partidos regular'!A:A,"NS")+COUNTIF(playoffs!A:A,"NS")+COUNTIF(playoffs!E:E,"NS")&" ("&COUNTIF(playoffs!A:A,"SN")+COUNTIF(playoffs!E:E,"SN")&"-"&COUNTIF(playoffs!A:A,"NS")+COUNTIF(playoffs!E:E,"NS")&")" -> 6-9 (0-0)
A25: s-l | B25: =COUNTIF('partidos regular'!A:A,"SL")+COUNTIF(playoffs!A:A,"SL")+COUNTIF(playoffs!E:E,"SL")&"-"&COUNTIF('partidos regular'!A:A,"LS")+COUNTIF(playoffs!A:A,"LS")+COUNTIF(playoffs!E:E,"LS")&" ("&COUNTIF(playoffs!A:A,"SL")+COUNTIF(playoffs!E:E,"SL")&"-"&COUNTIF(playoffs!A:A,"LS")+COUNTIF(playoffs!E:E,"LS")&")" -> 9-9 (1-1)
A26: s-c | B26: =COUNTIF('partidos regular'!A:A,"SC")+COUNTIF(playoffs!A:A,"SC")+COUNTIF(playoffs!E:E,"SC")&"-"&COUNTIF('partidos regular'!A:A,"CS")+COUNTIF(playoffs!A:A,"CS")+COUNTIF(playoffs!E:E,"CS")&" ("&COUNTIF(playoffs!A:A,"SC")+COUNTIF(playoffs!E:E,"SC")&"-"&COUNTIF(playoffs!A:A,"CS")+COUNTIF(playoffs!E:E,"CS")&")" -> 7-6 (0-0)
A27: s-k | B27: =COUNTIF('partidos regular'!A:A,"SK")+COUNTIF(playoffs!A:A,"SK")+COUNTIF(playoffs!E:E,"SK")&"-"&COUNTIF('partidos regular'!A:A,"KS")+COUNTIF(playoffs!A:A,"KS")+COUNTIF(playoffs!E:E,"KS")&" ("&COUNTIF(playoffs!A:A,"SK")+COUNTIF(playoffs!E:E,"SK")&"-"&COUNTIF(playoffs!A:A,"KS")+COUNTIF(playoffs!E:E,"KS")&")" -> 5-4 (0-0)
A28: s-j | B28: =COUNTIF('partidos regular'!A:A,"SJ")+COUNTIF(playoffs!A:A,"SJ")+COUNTIF(playoffs!E:E,"SJ")&"-"&COUNTIF('partidos regular'!A:A,"JS")+COUNTIF(playoffs!A:A,"JS")+COUNTIF(playoffs!E:E,"JS")&" ("&COUNTIF(playoffs!A:A,"SJ")+COUNTIF(playoffs!E:E,"SJ")&"-"&COUNTIF(playoffs!A:A,"JS")+COUNTIF(playoffs!E:E,"JS")&")" -> 9-11 (0-1)
A29: Relleno
A30: Relleno
A31: Nehue
A32: n-e | B32: =COUNTIF('partidos regular'!A:A,"NE")+COUNTIF(playoffs!A:A,"NE")+COUNTIF(playoffs!E:E,"NE")&"-"&COUNTIF('partidos regular'!A:A,"EN")+COUNTIF(playoffs!A:A,"EN")+COUNTIF(playoffs!E:E,"EN")&" ("&COUNTIF(playoffs!A:A,"NE")+COUNTIF(playoffs!E:E,"NE")&"-"&COUNTIF(playoffs!A:A,"EN")+COUNTIF(playoffs!E:E,"EN")&")" -> 6-9 (0-0)
A33: n-g | B33: =COUNTIF('partidos regular'!A:A,"NG")+COUNTIF(playoffs!A:A,"NG")+COUNTIF(playoffs!E:E,"NG")&"-"&COUNTIF('partidos regular'!A:A,"GN")+COUNTIF(playoffs!A:A,"GN")+COUNTIF(playoffs!E:E,"GN")&" ("&COUNTIF(playoffs!A:A,"NG")+COUNTIF(playoffs!E:E,"NG")&"-"&COUNTIF(playoffs!A:A,"GN")+COUNTIF(playoffs!E:E,"GN")&")" -> 11-10 (0-1)
A34: n-s | B34: =COUNTIF('partidos regular'!A:A,"NS")+COUNTIF(playoffs!A:A,"NS")+COUNTIF(playoffs!E:E,"NS")&"-"&COUNTIF('partidos regular'!A:A,"SN")+COUNTIF(playoffs!A:A,"SN")+COUNTIF(playoffs!E:E,"SN")&" ("&COUNTIF(playoffs!A:A,"NS")+COUNTIF(playoffs!E:E,"NS")&"-"&COUNTIF(playoffs!A:A,"SN")+COUNTIF(playoffs!E:E,"SN")&")" -> 9-6 (0-0)
A35: n-l | B35: =COUNTIF('partidos regular'!A:A,"NL")+COUNTIF(playoffs!A:A,"NL")+COUNTIF(playoffs!E:E,"NL")&"-"&COUNTIF('partidos regular'!A:A,"LN")+COUNTIF(playoffs!A:A,"LN")+COUNTIF(playoffs!E:E,"LN")&" ("&COUNTIF(playoffs!A:A,"NL")+COUNTIF(playoffs!E:E,"NL")&"-"&COUNTIF(playoffs!A:A,"LN")+COUNTIF(playoffs!E:E,"LN")&")" -> 3-11 (0-0)
A36: n-c | B36: =COUNTIF('partidos regular'!A:A,"NC")+COUNTIF(playoffs!A:A,"NC")+COUNTIF(playoffs!E:E,"NC")&"-"&COUNTIF('partidos regular'!A:A,"CN")+COUNTIF(playoffs!A:A,"CN")+COUNTIF(playoffs!E:E,"CN")&" ("&COUNTIF(playoffs!A:A,"NC")+COUNTIF(playoffs!E:E,"NC")&"-"&COUNTIF(playoffs!A:A,"CN")+COUNTIF(playoffs!E:E,"CN")&")" -> 8-6 (1-0)
A37: n-k | B37: =COUNTIF('partidos regular'!A:A,"NK")+COUNTIF(playoffs!A:A,"NK")+COUNTIF(playoffs!E:E,"NK")&"-"&COUNTIF('partidos regular'!A:A,"KN")+COUNTIF(playoffs!A:A,"KN")+COUNTIF(playoffs!E:E,"KN")&" ("&COUNTIF(playoffs!A:A,"NK")+COUNTIF(playoffs!E:E,"NK")&"-"&COUNTIF(playoffs!A:A,"KN")+COUNTIF(playoffs!E:E,"KN")&")" -> 3-6 (0-1)
A38: n-j | B38: =COUNTIF('partidos regular'!A:A,"NJ")+COUNTIF(playoffs!A:A,"NJ")+COUNTIF(playoffs!E:E,"NJ")&"-"&COUNTIF('partidos regular'!A:A,"JN")+COUNTIF(playoffs!A:A,"JN")+COUNTIF(playoffs!E:E,"JN")&" ("&COUNTIF(playoffs!A:A,"NJ")+COUNTIF(playoffs!E:E,"NJ")&"-"&COUNTIF(playoffs!A:A,"JN")+COUNTIF(playoffs!E:E,"JN")&")" -> 8-8 (0-1)
A39: Relleno
A40: Relleno
A41: Latuf
A42: l-e | B42: =COUNTIF('partidos regular'!A:A,"LE")+COUNTIF(playoffs!A:A,"LE")+COUNTIF(playoffs!E:E,"LE")&"-"&COUNTIF('partidos regular'!A:A,"EL")+COUNTIF(playoffs!A:A,"EL")+COUNTIF(playoffs!E:E,"EL")&" ("&COUNTIF(playoffs!A:A,"LE")+COUNTIF(playoffs!E:E,"LE")&"-"&COUNTIF(playoffs!A:A,"EL")+COUNTIF(playoffs!E:E,"EL")&")" -> 6-9 (0-0)
A43: l-g | B43: =COUNTIF('partidos regular'!A:A,"LG")+COUNTIF(playoffs!A:A,"LG")+COUNTIF(playoffs!E:E,"LG")&"-"&COUNTIF('partidos regular'!A:A,"GL")+COUNTIF(playoffs!A:A,"GL")+COUNTIF(playoffs!E:E,"GL")&" ("&COUNTIF(playoffs!A:A,"LG")+COUNTIF(playoffs!E:E,"LG")&"-"&COUNTIF(playoffs!A:A,"GL")+COUNTIF(playoffs!E:E,"GL")&")" -> 6-10 (1-0)
A44: l-s | B44: =COUNTIF('partidos regular'!A:A,"LS")+COUNTIF(playoffs!A:A,"LS")+COUNTIF(playoffs!E:E,"LS")&"-"&COUNTIF('partidos regular'!A:A,"SL")+COUNTIF(playoffs!A:A,"SL")+COUNTIF(playoffs!E:E,"SL")&" ("&COUNTIF(playoffs!A:A,"LS")+COUNTIF(playoffs!E:E,"LS")&"-"&COUNTIF(playoffs!A:A,"SL")+COUNTIF(playoffs!E:E,"SL")&")" -> 9-9 (1-1)
A45: l-n | B45: =COUNTIF('partidos regular'!A:A,"LN")+COUNTIF(playoffs!A:A,"LN")+COUNTIF(playoffs!E:E,"LN")&"-"&COUNTIF('partidos regular'!A:A,"NL")+COUNTIF(playoffs!A:A,"NL")+COUNTIF(playoffs!E:E,"NL")&" ("&COUNTIF(playoffs!A:A,"LN")+COUNTIF(playoffs!E:E,"LN")&"-"&COUNTIF(playoffs!A:A,"NL")+COUNTIF(playoffs!E:E,"NL")&")" -> 11-3 (0-0)
A46: l-c | B46: =COUNTIF('partidos regular'!A:A,"LC")+COUNTIF(playoffs!A:A,"LC")+COUNTIF(playoffs!E:E,"LC")&"-"&COUNTIF('partidos regular'!A:A,"CL")+COUNTIF(playoffs!A:A,"CL")+COUNTIF(playoffs!E:E,"CL")&" ("&COUNTIF(playoffs!A:A,"LC")+COUNTIF(playoffs!E:E,"LC")&"-"&COUNTIF(playoffs!A:A,"CL")+COUNTIF(playoffs!E:E,"CL")&")" -> 8-10 (0-0)
A47: l-k | B47: =COUNTIF('partidos regular'!A:A,"LK")+COUNTIF(playoffs!A:A,"LK")+COUNTIF(playoffs!E:E,"LK")&"-"&COUNTIF('partidos regular'!A:A,"KL")+COUNTIF(playoffs!A:A,"KL")+COUNTIF(playoffs!E:E,"KL")&" ("&COUNTIF(playoffs!A:A,"LK")+COUNTIF(playoffs!E:E,"LK")&"-"&COUNTIF(playoffs!A:A,"KL")+COUNTIF(playoffs!E:E,"KL")&")" -> 3-6 (0-0)
A48: l-j | B48: =COUNTIF('partidos regular'!A:A,"LJ")+COUNTIF(playoffs!A:A,"LJ")+COUNTIF(playoffs!E:E,"LJ")&"-"&COUNTIF('partidos regular'!A:A,"JL")+COUNTIF(playoffs!A:A,"JL")+COUNTIF(playoffs!E:E,"JL")&" ("&COUNTIF(playoffs!A:A,"LJ")+COUNTIF(playoffs!E:E,"LJ")&"-"&COUNTIF(playoffs!A:A,"JL")+COUNTIF(playoffs!E:E,"JL")&")" -> 6-11 (2-1)
A49: Relleno
A50: Relleno
A51: Chevito
A52: c-e | B52: =COUNTIF('partidos regular'!A:A,"CE")+COUNTIF(playoffs!A:A,"CE")+COUNTIF(playoffs!E:E,"CE")&"-"&COUNTIF('partidos regular'!A:A,"EC")+COUNTIF(playoffs!A:A,"EC")+COUNTIF(playoffs!E:E,"EC")&" ("&COUNTIF(playoffs!A:A,"CE")+COUNTIF(playoffs!E:E,"CE")&"-"&COUNTIF(playoffs!A:A,"EC")+COUNTIF(playoffs!E:E,"EC")&")" -> 9-5 (0-0)
A53: c-g | B53: =COUNTIF('partidos regular'!A:A,"CG")+COUNTIF(playoffs!A:A,"CG")+COUNTIF(playoffs!E:E,"CG")&"-"&COUNTIF('partidos regular'!A:A,"GC")+COUNTIF(playoffs!A:A,"GC")+COUNTIF(playoffs!E:E,"GC")&" ("&COUNTIF(playoffs!A:A,"CG")+COUNTIF(playoffs!E:E,"CG")&"-"&COUNTIF(playoffs!A:A,"GC")+COUNTIF(playoffs!E:E,"GC")&")" -> 7-5 (0-0)
A54: c-s | B54: =COUNTIF('partidos regular'!A:A,"CS")+COUNTIF(playoffs!A:A,"CS")+COUNTIF(playoffs!E:E,"CS")&"-"&COUNTIF('partidos regular'!A:A,"SC")+COUNTIF(playoffs!A:A,"SC")+COUNTIF(playoffs!E:E,"SC")&" ("&COUNTIF(playoffs!A:A,"CS")+COUNTIF(playoffs!E:E,"CS")&"-"&COUNTIF(playoffs!A:A,"SC")+COUNTIF(playoffs!E:E,"SC")&")" -> 6-7 (0-0)
A55: c-n | B55: =COUNTIF('partidos regular'!A:A,"CN")+COUNTIF(playoffs!A:A,"CN")+COUNTIF(playoffs!E:E,"CN")&"-"&COUNTIF('partidos regular'!A:A,"NC")+COUNTIF(playoffs!A:A,"NC")+COUNTIF(playoffs!E:E,"NC")&" ("&COUNTIF(playoffs!A:A,"CN")+COUNTIF(playoffs!E:E,"CN")&"-"&COUNTIF(playoffs!A:A,"NC")+COUNTIF(playoffs!E:E,"NC")&")" -> 6-8 (0-1)
A56: c-l | B56: =COUNTIF('partidos regular'!A:A,"CL")+COUNTIF(playoffs!A:A,"CL")+COUNTIF(playoffs!E:E,"CL")&"-"&COUNTIF('partidos regular'!A:A,"LC")+COUNTIF(playoffs!A:A,"LC")+COUNTIF(playoffs!E:E,"LC")&" ("&COUNTIF(playoffs!A:A,"CL")+COUNTIF(playoffs!E:E,"CL")&"-"&COUNTIF(playoffs!A:A,"LC")+COUNTIF(playoffs!E:E,"LC")&")" -> 10-8 (0-0)
A57: c-k | B57: =COUNTIF('partidos regular'!A:A,"CK")+COUNTIF(playoffs!A:A,"CK")+COUNTIF(playoffs!E:E,"CK")&"-"&COUNTIF('partidos regular'!A:A,"KC")+COUNTIF(playoffs!A:A,"KC")+COUNTIF(playoffs!E:E,"KC")&" ("&COUNTIF(playoffs!A:A,"CK")+COUNTIF(playoffs!E:E,"CK")&"-"&COUNTIF(playoffs!A:A,"KC")+COUNTIF(playoffs!E:E,"KC")&")" -> 3-6 (0-0)
A58: c-j | B58: =COUNTIF('partidos regular'!A:A,"CJ")+COUNTIF(playoffs!A:A,"CJ")+COUNTIF(playoffs!E:E,"CJ")&"-"&COUNTIF('partidos regular'!A:A,"JC")+COUNTIF(playoffs!A:A,"JC")+COUNTIF(playoffs!E:E,"JC")&" ("&COUNTIF(playoffs!A:A,"CJ")+COUNTIF(playoffs!E:E,"CJ")&"-"&COUNTIF(playoffs!A:A,"JC")+COUNTIF(playoffs!E:E,"JC")&")" -> 4-9 (0-0)
A59: Relleno
A60: Relleno
A61: Naki
A62: k-e | B62: =COUNTIF('partidos regular'!A:A,"KE")+COUNTIF(playoffs!A:A,"KE")+COUNTIF(playoffs!E:E,"KE")&"-"&COUNTIF('partidos regular'!A:A,"EK")+COUNTIF(playoffs!A:A,"EK")+COUNTIF(playoffs!E:E,"EK")&" ("&COUNTIF(playoffs!A:A,"KE")+COUNTIF(playoffs!E:E,"KE")&"-"&COUNTIF(playoffs!A:A,"EK")+COUNTIF(playoffs!E:E,"EK")&")" -> 8-5 (0-1)
A63: k-g | B63: =COUNTIF('partidos regular'!A:A,"KG")+COUNTIF(playoffs!A:A,"KG")+COUNTIF(playoffs!E:E,"KG")&"-"&COUNTIF('partidos regular'!A:A,"GK")+COUNTIF(playoffs!A:A,"GK")+COUNTIF(playoffs!E:E,"GK")&" ("&COUNTIF(playoffs!A:A,"KG")+COUNTIF(playoffs!E:E,"KG")&"-"&COUNTIF(playoffs!A:A,"GK")+COUNTIF(playoffs!E:E,"GK")&")" -> 2-7 (0-0)
A64: k-s | B64: =COUNTIF('partidos regular'!A:A,"KS")+COUNTIF(playoffs!A:A,"KS")+COUNTIF(playoffs!E:E,"KS")&"-"&COUNTIF('partidos regular'!A:A,"SK")+COUNTIF(playoffs!A:A,"SK")+COUNTIF(playoffs!E:E,"SK")&" ("&COUNTIF(playoffs!A:A,"KS")+COUNTIF(playoffs!E:E,"KS")&"-"&COUNTIF(playoffs!A:A,"SK")+COUNTIF(playoffs!E:E,"SK")&")" -> 4-5 (0-0)
A65: k-n | B65: =COUNTIF('partidos regular'!A:A,"KN")+COUNTIF(playoffs!A:A,"KN")+COUNTIF(playoffs!E:E,"KN")&"-"&COUNTIF('partidos regular'!A:A,"NK")+COUNTIF(playoffs!A:A,"NK")+COUNTIF(playoffs!E:E,"NK")&" ("&COUNTIF(playoffs!A:A,"KN")+COUNTIF(playoffs!E:E,"KN")&"-"&COUNTIF(playoffs!A:A,"NK")+COUNTIF(playoffs!E:E,"NK")&")" -> 6-3 (1-0)
A66: k-l | B66: =COUNTIF('partidos regular'!A:A,"KL")+COUNTIF(playoffs!A:A,"KL")+COUNTIF(playoffs!E:E,"KL")&"-"&COUNTIF('partidos regular'!A:A,"LK")+COUNTIF(playoffs!A:A,"LK")+COUNTIF(playoffs!E:E,"LK")&" ("&COUNTIF(playoffs!A:A,"KL")+COUNTIF(playoffs!E:E,"KL")&"-"&COUNTIF(playoffs!A:A,"LK")+COUNTIF(playoffs!E:E,"LK")&")" -> 6-3 (0-0)
A67: k-c | B67: =COUNTIF('partidos regular'!A:A,"KC")+COUNTIF(playoffs!A:A,"KC")+COUNTIF(playoffs!E:E,"KC")&"-"&COUNTIF('partidos regular'!A:A,"CK")+COUNTIF(playoffs!A:A,"CK")+COUNTIF(playoffs!E:E,"CK")&" ("&COUNTIF(playoffs!A:A,"KC")+COUNTIF(playoffs!E:E,"KC")&"-"&COUNTIF(playoffs!A:A,"CK")+COUNTIF(playoffs!E:E,"CK")&")" -> 6-3 (0-0)
A68: k-j | B68: =COUNTIF('partidos regular'!A:A,"KJ")+COUNTIF(playoffs!A:A,"KJ")+COUNTIF(playoffs!E:E,"KJ")&"-"&COUNTIF('partidos regular'!A:A,"JK")+COUNTIF(playoffs!A:A,"JK")+COUNTIF(playoffs!E:E,"JK")&" ("&COUNTIF(playoffs!A:A,"KJ")+COUNTIF(playoffs!E:E,"KJ")&"-"&COUNTIF(playoffs!A:A,"JK")+COUNTIF(playoffs!E:E,"JK")&")" -> 3-7 (0-0)
A69: Relleno
A70: Relleno
A71: Juany
A72: j-e | B72: =COUNTIF('partidos regular'!A:A,"JE")+COUNTIF(playoffs!A:A,"JE")+COUNTIF(playoffs!E:E,"JE")&"-"&COUNTIF('partidos regular'!A:A,"EJ")+COUNTIF(playoffs!A:A,"EJ")+COUNTIF(playoffs!E:E,"EJ")&" ("&COUNTIF(playoffs!A:A,"JE")+COUNTIF(playoffs!E:E,"JE")&"-"&COUNTIF(playoffs!A:A,"EJ")+COUNTIF(playoffs!E:E,"EJ")&")" -> 8-9 (1-1)
A73: j-g | B73: =COUNTIF('partidos regular'!A:A,"JG")+COUNTIF(playoffs!A:A,"JG")+COUNTIF(playoffs!E:E,"JG")&"-"&COUNTIF('partidos regular'!A:A,"GJ")+COUNTIF(playoffs!A:A,"GJ")+COUNTIF(playoffs!E:E,"GJ")&" ("&COUNTIF(playoffs!A:A,"JG")+COUNTIF(playoffs!E:E,"JG")&"-"&COUNTIF(playoffs!A:A,"GJ")+COUNTIF(playoffs!E:E,"GJ")&")" -> 13-5 (2-1)
A74: j-s | B74: =COUNTIF('partidos regular'!A:A,"JS")+COUNTIF(playoffs!A:A,"JS")+COUNTIF(playoffs!E:E,"JS")&"-"&COUNTIF('partidos regular'!A:A,"SJ")+COUNTIF(playoffs!A:A,"SJ")+COUNTIF(playoffs!E:E,"SJ")&" ("&COUNTIF(playoffs!A:A,"JS")+COUNTIF(playoffs!E:E,"JS")&"-"&COUNTIF(playoffs!A:A,"SJ")+COUNTIF(playoffs!E:E,"SJ")&")" -> 11-9 (1-0)
A75: j-n | B75: =COUNTIF('partidos regular'!A:A,"JN")+COUNTIF(playoffs!A:A,"JN")+COUNTIF(playoffs!E:E,"JN")&"-"&COUNTIF('partidos regular'!A:A,"NJ")+COUNTIF(playoffs!A:A,"NJ")+COUNTIF(playoffs!E:E,"NJ")&" ("&COUNTIF(playoffs!A:A,"JN")+COUNTIF(playoffs!E:E,"JN")&"-"&COUNTIF(playoffs!A:A,"NJ")+COUNTIF(playoffs!E:E,"NJ")&")" -> 8-8 (1-0)
A76: j-l | B76: =COUNTIF('partidos regular'!A:A,"JL")+COUNTIF(playoffs!A:A,"JL")+COUNTIF(playoffs!E:E,"JL")&"-"&COUNTIF('partidos regular'!A:A,"LJ")+COUNTIF(playoffs!A:A,"LJ")+COUNTIF(playoffs!E:E,"LJ")&" ("&COUNTIF(playoffs!A:A,"JL")+COUNTIF(playoffs!E:E,"JL")&"-"&COUNTIF(playoffs!A:A,"LJ")+COUNTIF(playoffs!E:E,"LJ")&")" -> 11-6 (1-2)
A77: j-c | B77: =COUNTIF('partidos regular'!A:A,"JC")+COUNTIF(playoffs!A:A,"JC")+COUNTIF(playoffs!E:E,"JC")&"-"&COUNTIF('partidos regular'!A:A,"CJ")+COUNTIF(playoffs!A:A,"CJ")+COUNTIF(playoffs!E:E,"CJ")&" ("&COUNTIF(playoffs!A:A,"JC")+COUNTIF(playoffs!E:E,"JC")&"-"&COUNTIF(playoffs!A:A,"CJ")+COUNTIF(playoffs!E:E,"CJ")&")" -> 9-4 (0-0)
A78: j-k | B78: =COUNTIF('partidos regular'!A:A,"JK")+COUNTIF(playoffs!A:A,"JK")+COUNTIF(playoffs!E:E,"JK")&"-"&COUNTIF('partidos regular'!A:A,"KJ")+COUNTIF(playoffs!A:A,"KJ")+COUNTIF(playoffs!E:E,"KJ")&" ("&COUNTIF(playoffs!A:A,"JK")+COUNTIF(playoffs!E:E,"JK")&"-"&COUNTIF(playoffs!A:A,"KJ")+COUNTIF(playoffs!E:E,"KJ")&")" -> 7-3 (0-0)
